{
  "regime_probabilities": {
    "current_regime": 2,
    "current_regime_label": "Crisis",
    "current_probs": {
      "Low-Vol Bull": 0.0,
      "High-Vol Bear": 0.015814,
      "Crisis": 0.984186,
      "Transitional": 0.0
    },
    "filtered_probs_last10": [
      [
        1.1215449564544965e-133,
        0.00039516133317808906,
        0.999602070322878,
        2.768343944065999e-06
      ],
      [
        6.824540752531428e-133,
        0.0006816371697058798,
        0.9993169143023182,
        1.4485279759626717e-06
      ],
      [
        2.0200062354868835e-132,
        0.0012336944850557358,
        0.9987657947810321,
        5.107339121976039e-07
      ],
      [
        8.761881756053006e-133,
        0.00277905409361114,
        0.9972207616481483,
        1.8425824046924972e-07
      ],
      [
        7.103024381021333e-133,
        0.0010018564535207814,
        0.9989960878509216,
        2.055695557680051e-06
      ],
      [
        1.0852101902786412e-133,
        0.0014940944830193151,
        0.9985055354916066,
        3.700253741999625e-07
      ],
      [
        1.2464992633308196e-132,
        0.007449172046531018,
        0.9925508155795645,
        1.2373904564021074e-08
      ],
      [
        3.534895887134818e-132,
        0.0032859950413576533,
        0.9967135800711935,
        4.24887448923349e-07
      ],
      [
        1.2467160834068141e-132,
        0.004091964423453153,
        0.9959079600243946,
        7.555215205816003e-08
      ],
      [
        1.4815311371124678e-131,
        0.01581448496383854,
        0.9841855085173933,
        6.518768220571798e-09
      ]
    ],
    "smoothed_probs_last10": [
      [
        4.6912364451938924e-139,
        9.7937781711475e-06,
        0.9999901557972123,
        5.0424616653290036e-08
      ],
      [
        5.482973707035112e-138,
        1.758226078344207e-05,
        0.9999823913500432,
        2.6389173427606876e-08
      ],
      [
        3.2092114757966556e-137,
        3.436165008719964e-05,
        0.9999656290410006,
        9.308912072419657e-09
      ],
      [
        5.078261732309278e-138,
        7.01978347531944e-05,
        0.9999297988010573,
        3.3641897234879015e-09
      ],
      [
        1.1305457204727187e-137,
        2.7906661850813555e-05,
        0.9999720558776961,
        3.7460453008050255e-08
      ],
      [
        9.463252412077376e-138,
        6.938050840511072e-05,
        0.9999306127478682,
        6.743726757296248e-09
      ],
      [
        1.3709657478916028e-136,
        0.00039112970383380346,
        0.9996088700693834,
        2.2678283176828368e-10
      ],
      [
        2.408599154435149e-135,
        0.0006613260184803528,
        0.999338666247406,
        7.73411364807383e-09
      ],
      [
        3.8271158989566384e-135,
        0.0033693896090285355,
        0.9966306090317801,
        1.3591912223166998e-09
      ],
      [
        1.4815311371124678e-131,
        0.01581448496383854,
        0.9841855085173933,
        6.518768220571798e-09
      ]
    ],
    "viterbi_path_last10": [
      2,
      2,
      2,
      2,
      2,
      2,
      2,
      2,
      2,
      2
    ],
    "log_likelihood": 6734.9904,
    "transition_matrix": {
      "Low-Vol Bull": {
        "Low-Vol Bull": 0.996251,
        "High-Vol Bear": 0.003749,
        "Crisis": 0.0,
        "Transitional": 0.0
      },
      "High-Vol Bear": {
        "Low-Vol Bull": 0.0,
        "High-Vol Bear": 0.976933,
        "Crisis": 0.023067,
        "Transitional": 0.0
      },
      "Crisis": {
        "Low-Vol Bull": 0.0,
        "High-Vol Bear": 0.015377,
        "Crisis": 0.973911,
        "Transitional": 0.010712
      },
      "Transitional": {
        "Low-Vol Bull": 0.0,
        "High-Vol Bear": 0.0,
        "Crisis": 0.017731,
        "Transitional": 0.982269
      }
    },
    "regime_stats": {
      "Low-Vol Bull": {
        "state_index": 0,
        "persistence_days": 266.76,
        "average_occupancy": 0.3629,
        "emission_mean_return_ann": -0.0259,
        "emission_mean_vol_ann": 0.1438,
        "emission_mean_corr": 0.577,
        "emission_mean_drawdown": -0.0484,
        "self_transition_prob": 0.996251
      },
      "High-Vol Bear": {
        "state_index": 1,
        "persistence_days": 43.35,
        "average_occupancy": 0.2276,
        "emission_mean_return_ann": -0.1663,
        "emission_mean_vol_ann": 0.1633,
        "emission_mean_corr": 0.4092,
        "emission_mean_drawdown": -0.2214,
        "self_transition_prob": 0.976933
      },
      "Crisis": {
        "state_index": 2,
        "persistence_days": 38.33,
        "average_occupancy": 0.2557,
        "emission_mean_return_ann": 0.2566,
        "emission_mean_vol_ann": 0.1974,
        "emission_mean_corr": 0.6018,
        "emission_mean_drawdown": -0.2248,
        "self_transition_prob": 0.973911
      },
      "Transitional": {
        "state_index": 3,
        "persistence_days": 56.4,
        "average_occupancy": 0.1537,
        "emission_mean_return_ann": -0.4228,
        "emission_mean_vol_ann": 0.3356,
        "emission_mean_corr": 0.7385,
        "emission_mean_drawdown": -0.2033,
        "self_transition_prob": 0.982269
      }
    }
  },
  "transition_matrix": {
    "transition_matrix": {
      "Low-Vol Bull": {
        "Low-Vol Bull": 0.996251,
        "High-Vol Bear": 0.003749,
        "Crisis": 0.0,
        "Transitional": 0.0
      },
      "High-Vol Bear": {
        "Low-Vol Bull": 0.0,
        "High-Vol Bear": 0.976933,
        "Crisis": 0.023067,
        "Transitional": 0.0
      },
      "Crisis": {
        "Low-Vol Bull": 0.0,
        "High-Vol Bear": 0.015377,
        "Crisis": 0.973911,
        "Transitional": 0.010712
      },
      "Transitional": {
        "Low-Vol Bull": 0.0,
        "High-Vol Bear": 0.0,
        "Crisis": 0.017731,
        "Transitional": 0.982269
      }
    },
    "stationary_distribution": {
      "Low-Vol Bull": 0.000266,
      "High-Vol Bear": 0.293513,
      "Crisis": 0.440248,
      "Transitional": 0.265973
    },
    "expected_duration_days": {
      "Low-Vol Bull": 266.76,
      "High-Vol Bear": 43.35,
      "Crisis": 38.33,
      "Transitional": 56.4
    },
    "forward_probabilities": {
      "21d": {
        "Low-Vol Bull": 0.0,
        "High-Vol Bear": 0.210806,
        "Crisis": 0.641247,
        "Transitional": 0.147947
      },
      "63d": {
        "Low-Vol Bull": 0.0,
        "High-Vol Bear": 0.294702,
        "Crisis": 0.469371,
        "Transitional": 0.235927
      },
      "1d": {
        "Low-Vol Bull": 0.0,
        "High-Vol Bear": 0.030584,
        "Crisis": 0.958874,
        "Transitional": 0.010543
      },
      "5d": {
        "Low-Vol Bull": 0.0,
        "High-Vol Bear": 0.082704,
        "Crisis": 0.86896,
        "Transitional": 0.048336
      },
      "10d": {
        "Low-Vol Bull": 0.0,
        "High-Vol Bear": 0.134541,
        "Crisis": 0.778337,
        "Transitional": 0.087122
      }
    },
    "crisis_probability_by_horizon": {
      "21d": 0.641247,
      "63d": 0.469371,
      "1d": 0.958874,
      "5d": 0.86896,
      "10d": 0.778337
    },
    "mixing_time_days": 1227,
    "row_entropy": {
      "Low-Vol Bull": 0.0247,
      "High-Vol Bear": 0.1097,
      "Crisis": 0.1385,
      "Transitional": 0.0891
    }
  },
  "forward_return_forecast": {
    "dominant_regime": "Crisis",
    "regime_weights_now": {
      "Low-Vol Bull": 0.0,
      "High-Vol Bear": 0.015814,
      "Crisis": 0.984186,
      "Transitional": 0.0
    },
    "garch_adjusted": true,
    "garch_vol_current": 0.129556,
    "forward_distributions": {
      "21d": {
        "horizon_days": 21,
        "expected_return_ann": 0.066952,
        "expected_return_H_day": 0.005579,
        "std_H_day": 0.045461,
        "annualised_vol": 0.157481,
        "skewness": -0.363,
        "excess_kurtosis": 0.5687,
        "var_95_percent": 0.072102,
        "var_99_percent": 0.117284,