{
  "risk_contribution": {
    "BSE.NS": 0.709359973581954,
    "ETERNAL.NS": 0.060161489751776896,
    "SBIN.NS": 0.21438922696103613,
    "ITC.NS": 0.016089309705233257
  },
  "factor_exposure": {},
  "diversification_ratio": 1.3392272045941431,
  "concentration": {
    "herfindahl_index": 0.34000133442921743,
    "effective_n": 2.9411649271282,
    "entropy": 1.193546520907765,
    "normalised_entropy": 0.860961823391954,
    "max_weight": 0.4000020520875138,
    "gini_coefficient": 0.300003002594466
  }
}