,Weight,Marginal VaR,Component VaR,% Contribution
TCS.NS,0.999999998711627,0.021061023095370304,0.02106102306823585,99.99999998207988
ITC.NS,1.2883730257150748e-09,0.0029293979132764473,3.7741572530514024e-12,1.792010407161672e-08
