Metric,Percent,Amount
Parametric VaR,0.021061023072010004,21061.023072010004
Historical VaR,0.01939485930116586,19394.85930116586
CVaR,0.02775683327735523,27756.833277355232
