Metric,Percent,Amount
Parametric VaR,0.024253602292366873,24253.60229236687
Historical VaR,0.024070876246234316,24070.876246234315
CVaR,0.033173739053213656,33173.739053213656
