Scenario,Return,Volatility,Sharpe,Sharpe_Change
2008-Style Financial Crisis,-0.4599492564035172,0.4065205208186324,-1.2544243901306746,-0.7134959458735427
Tech Sector Crash,-0.3099492564035172,0.3048903905599093,-1.1805857696679003,-0.6396573254107684
Inflation Spike,-0.2099492564035172,0.2642383384696359,-0.9837681311086067,-0.4428396868514748
Mild Recession,-0.1599492564035172,0.24391231241909275,-0.8607571070163121,-0.3198286627591802
Market Boom,0.14005074359648287,0.16260820825056052,0.5537896553027941,1.094718099559926
