Scenario,Return,Volatility,Sharpe,Sharpe_Change
2008-Style Financial Crisis,-0.36395831086388464,0.468143783969574,-0.8842546350904639,-0.8246220549037409
Tech Sector Crash,-0.2139583108638846,0.3511078379287517,-0.7517870077211097,-0.6921544275343867
Inflation Spike,-0.11395831086388458,0.30429345952058684,-0.5388164146616896,-0.4791838344749666
Mild Recession,-0.0639583108638846,0.2808862703103897,-0.40570979399582774,-0.3460772138091047
Market Boom,0.2360416891361154,0.18725751350764827,0.9935072064732762,1.0531397866599992
