{
  "regime_probabilities": {
    "current_regime": 1,
    "current_regime_label": "High-Vol Bear",
    "current_probs": {
      "Low-Vol Bull": 0.0,
      "High-Vol Bear": 1.0,
      "Crisis": 0.0,
      "Transitional": 0.0
    },
    "filtered_probs_last10": [
      [
        1.2239881094661117e-52,
        6.292334185675913e-06,
        1.4849883765288994e-58,
        0.9999937076658144
      ],
      [
        2.995218926584039e-53,
        1.112367420838431e-05,
        1.1671188222927995e-59,
        0.9999888763257916
      ],
      [
        8.20534912390846e-52,
        0.0006539151110715838,
        9.478884620733765e-59,
        0.9993460848889285
      ],
      [
        4.0690972597835743e-48,
        0.9999999999829661,
        6.559752329976642e-57,
        1.703383714909903e-11
      ],
      [
        5.651131048482917e-47,
        0.9999999999999998,
        8.969528741815899e-57,
        1.1967760404222498e-16
      ],
      [
        1.913459547695398e-46,
        1.0,
        1.2302735524812366e-55,
        3.360686220618259e-17
      ],
      [
        6.987148172695444e-46,
        0.9999999999990323,
        2.7739727031235212e-55,
        9.677604153609384e-13
      ],
      [
        1.5118196620822106e-45,
        1.0,
        3.1985543243094504e-56,
        6.1872179633932e-27
      ],
      [
        4.308855472388259e-46,
        1.0,
        3.3161355428318437e-59,
        2.2203827062415019e-38
      ],
      [
        2.7241350125281417e-44,
        1.0,
        1.7595346816289688e-57,
        2.1787229870034387e-32
      ]
    ],
    "smoothed_probs_last10": [
      [
        1.6090655406283677e-58,
        2.54887460980477e-07,
        4.036137875085412e-71,
        0.999999745112539
      ],
      [
        1.5231725962010845e-55,
        3.3684564432318233e-06,
        3.721384068635554e-69,
        0.9999966315435568
      ],
      [
        3.1629667153826737e-52,
        0.013031687764319216,
        1.2793324412782008e-67,
        0.9869683122356808
      ],
      [
        7.870751959652643e-50,
        0.9999999999991558,
        8.040301522983427e-68,
        8.441516864622035e-13
      ],
      [
        1.0930841373512725e-48,
        1.0,
        3.722534178198209e-67,
        5.930903906035525e-18
      ],
      [
        3.701158770306433e-48,
        1.0,
        1.8644540486960074e-65,
        1.6654667506773077e-18
      ],
      [
        1.3515083441262639e-47,
        0.999999999999952,
        9.09602160522052e-65,
        4.79596334962633e-14
      ],
      [
        2.9242756323005315e-47,
        1.0,
        2.9934115010285075e-66,
        3.0662207419890176e-28
      ],
      [
        8.34607039577215e-48,
        1.0,
        1.0135809026494424e-65,
        1.1003626426791743e-39
      ],
      [
        2.7241350125281417e-44,
        1.0,
        1.7595346816289688e-57,
        2.1787229870034387e-32
      ]
    ],
    "viterbi_path_last10": [
      3,
      3,
      3,
      1,
      1,
      1,
      1,
      1,
      1,
      1
    ],
    "log_likelihood": 1834.1719,
    "transition_matrix": {
      "Low-Vol Bull": {
        "Low-Vol Bull": 0.962794,
        "High-Vol Bear": 0.018598,
        "Crisis": 0.018608,
        "Transitional": 0.0
      },
      "High-Vol Bear": {
        "Low-Vol Bull": 0.0,
        "High-Vol Bear": 0.961487,
        "Crisis": 0.0,
        "Transitional": 0.038513
      },
      "Crisis": {
        "Low-Vol Bull": 0.010962,
        "High-Vol Bear": 0.0,
        "Crisis": 0.989038,
        "Transitional": 0.0
      },
      "Transitional": {
        "Low-Vol Bull": 0.0,
        "High-Vol Bear": 0.047649,
        "Crisis": 0.0,
        "Transitional": 0.952351
      }
    },
    "regime_stats": {
      "Low-Vol Bull": {
        "state_index": 0,
        "persistence_days": 26.88,
        "average_occupancy": 0.2786,
        "emission_mean_return_ann": -0.013,
        "emission_mean_vol_ann": 0.2837,
        "emission_mean_corr": 0.2293,
        "emission_mean_drawdown": -0.0273,
        "self_transition_prob": 0.962794
      },
      "High-Vol Bear": {
        "state_index": 1,
        "persistence_days": 25.97,
        "average_occupancy": 0.1397,
        "emission_mean_return_ann": -0.1602,
        "emission_mean_vol_ann": 0.3423,
        "emission_mean_corr": 0.1048,
        "emission_mean_drawdown": -0.0795,
        "self_transition_prob": 0.961487
      },
      "Crisis": {
        "state_index": 2,
        "persistence_days": 91.23,
        "average_occupancy": 0.4729,
        "emission_mean_return_ann": 0.5721,
        "emission_mean_vol_ann": 0.3453,
        "emission_mean_corr": 0.0988,
        "emission_mean_drawdown": -0.012,
        "self_transition_prob": 0.989038
      },
      "Transitional": {
        "state_index": 3,
        "persistence_days": 20.99,
        "average_occupancy": 0.1087,
        "emission_mean_return_ann": -0.1859,
        "emission_mean_vol_ann": 0.4209,
        "emission_mean_corr": 0.273,
        "emission_mean_drawdown": -0.0388,
        "self_transition_prob": 0.952351
      }
    }
  },
  "transition_matrix": {
    "transition_matrix": {
      "Low-Vol Bull": {
        "Low-Vol Bull": 0.962794,
        "High-Vol Bear": 0.018598,
        "Crisis": 0.018608,
        "Transitional": 0.0
      },
      "High-Vol Bear": {
        "Low-Vol Bull": 0.0,
        "High-Vol Bear": 0.961487,
        "Crisis": 0.0,
        "Transitional": 0.038513
      },
      "Crisis": {
        "Low-Vol Bull": 0.010962,
        "High-Vol Bear": 0.0,
        "Crisis": 0.989038,
        "Transitional": 0.0
      },
      "Transitional": {
        "Low-Vol Bull": 0.0,
        "High-Vol Bear": 0.047649,
        "Crisis": 0.0,
        "Transitional": 0.952351
      }
    },
    "stationary_distribution": {
      "Low-Vol Bull": 0.000107,
      "High-Vol Bear": 0.552816,
      "Crisis": 0.000274,
      "Transitional": 0.446803
    },
    "expected_duration_days": {
      "Low-Vol Bull": 26.88,
      "High-Vol Bear": 25.97,
      "Crisis": 91.23,
      "Transitional": 20.99
    },
    "forward_probabilities": {
      "21d": {
        "Low-Vol Bull": 0.0,
        "High-Vol Bear": 0.6204,
        "Crisis": 0.0,
        "Transitional": 0.3796
      },
      "63d": {
        "Low-Vol Bull": 0.0,
        "High-Vol Bear": 0.554549,
        "Crisis": 0.0,
        "Transitional": 0.445451
      },
      "1d": {
        "Low-Vol Bull": 0.0,
        "High-Vol Bear": 0.961487,
        "Crisis": 0.0,
        "Transitional": 0.038513
      },
      "5d": {
        "Low-Vol Bull": 0.0,
        "High-Vol Bear": 0.837882,
        "Crisis": 0.0,
        "Transitional": 0.162118
      },
      "10d": {
        "Low-Vol Bull": 0.0,
        "High-Vol Bear": 0.734563,
        "Crisis": 0.0,
        "Transitional": 0.265437
      }
    },
    "crisis_probability_by_horizon": {
      "21d": 0.0,
      "63d": 0.0,
      "1d": 0.0,
      "5d": 0.0,
      "10d": 0.0
    },
    "mixing_time_days": 980,
    "row_entropy": {
      "Low-Vol Bull": 0.1847,
      "High-Vol Bear": 0.1632,
      "Crisis": 0.0604,
      "Transitional": 0.1915
    }
  },
  "forward_return_forecast": {
    "dominant_regime": "High-Vol Bear",
    "regime_weights_now": {
      "Low-Vol Bull": 0.0,
      "High-Vol Bear": 1.0,
      "Crisis": 0.0,
      "Transitional": 0.0
    },
    "garch_adjusted": true,
    "garch_vol_current": 0.195137,
    "forward_distributions": {
      "21d": {
        "horizon_days": 21,
        "expected_return_ann": -0.169955,
        "expected_return_H_day": -0.014163,
        "std_H_day": 0.053279,
        "annualised_vol": 0.184562,
        "skewness": 0.0088,
        "excess_kurtosis": 0.0684,
        "var_95_percent": 0.1016,
        "var_99_percent": 0.138673,
        "cvar_95_percent": 0.124355,
        "cvar_99_percent": 0.157468,
        "tail_prob_minus5pct": 0.249188,
        "tail_prob_minus10pct": 0.053141,
        "tail_prob_minus20pct": 0.000308,