{
  "regime_probabilities": {
    "current_regime": 3,
    "current_regime_label": "Transitional",
    "current_probs": {
      "Low-Vol Bull": 0.0,
      "High-Vol Bear": 0.0,
      "Crisis": 2e-06,
      "Transitional": 0.999998
    },
    "filtered_probs_last10": [
      [
        8.93901358918154e-22,
        2.8676049811565546e-16,
        3.634950200248614e-05,
        0.9999636504979972
      ],
      [
        4.1335044636660313e-20,
        1.7271976106615867e-14,
        4.32266052069014e-05,
        0.9999567733947758
      ],
      [
        2.4290737129778455e-20,
        1.3573282383152766e-14,
        3.8790792830416396e-05,
        0.999961209207156
      ],
      [
        1.6326114717159794e-22,
        1.6623773975513995e-15,
        1.2062717566714087e-05,
        0.9999879372824316
      ],
      [
        3.932880564927381e-24,
        1.052882032467857e-17,
        3.863984865887323e-06,
        0.999996136015134
      ],
      [
        4.311958451255701e-25,
        2.5257187635557e-18,
        2.2557816042253025e-06,
        0.9999977442183958
      ],
      [
        1.9139266986893413e-25,
        4.027913253347545e-18,
        2.3022682145456595e-06,
        0.9999976977317855
      ],
      [
        2.4682811447330845e-26,
        2.222341037049801e-18,
        1.514210563922224e-06,
        0.9999984857894362
      ],
      [
        3.1722852109036734e-27,
        7.521778224625183e-19,
        9.824650021038723e-07,
        0.999999017534998
      ],
      [
        2.7450198332347555e-26,
        1.5741047795968324e-18,
        2.0106599002047104e-06,
        0.9999979893400999
      ]
    ],
    "smoothed_probs_last10": [
      [
        5.665495925244026e-28,
        4.967700198003081e-19,
        1.4465812182588765e-06,
        0.9999985534187816
      ],
      [
        2.348800068989635e-26,
        2.99189591401747e-17,
        1.7200665148195113e-06,
        0.9999982799334851
      ],
      [
        4.29167517853354e-27,
        2.350074309031466e-17,
        1.5424233272128033e-06,
        0.9999984575766728
      ],
      [
        9.245766328846842e-30,
        2.87774326222417e-18,
        4.795253860501558e-07,
        0.9999995204746138
      ],
      [
        1.300548019491026e-31,
        1.8225788259985025e-20,
        1.5359579742006685e-07,
        0.9999998464042026
      ],
      [
        1.4553190176363887e-32,
        4.372112062325823e-21,
        8.966869505910658e-08,
        0.9999999103313049
      ],
      [
        4.2484656742544355e-33,
        6.972368703578496e-21,
        9.151459588390888e-08,
        0.999999908485404
      ],
      [
        3.5598392692496027e-34,
        3.846861255121483e-21,
        6.018857840857859e-08,
        0.9999999398114215
      ],
      [
        2.3524481109235337e-33,
        1.3031622587437237e-21,
        3.910515449269492e-08,
        0.9999999608948456
      ],
      [
        2.7450198332347555e-26,
        1.5741047795968324e-18,
        2.0106599002047104e-06,
        0.9999979893400999
      ]
    ],
    "viterbi_path_last10": [
      3,
      3,
      3,
      3,
      3,
      3,
      3,
      3,
      3,
      3
    ],
    "log_likelihood": 3989.2138,
    "transition_matrix": {
      "Low-Vol Bull": {
        "Low-Vol Bull": 0.951597,
        "High-Vol Bear": 0.036011,
        "Crisis": 0.012392,
        "Transitional": 0.0
      },
      "High-Vol Bear": {
        "Low-Vol Bull": 0.01392,
        "High-Vol Bear": 0.958365,
        "Crisis": 0.026042,
        "Transitional": 0.001673
      },
      "Crisis": {
        "Low-Vol Bull": 0.01607,
        "High-Vol Bear": 0.024316,
        "Crisis": 0.921202,
        "Transitional": 0.038413
      },
      "Transitional": {
        "Low-Vol Bull": 0.0,
        "High-Vol Bear": 0.0,
        "Crisis": 0.033599,
        "Transitional": 0.966401
      }
    },
    "regime_stats": {
      "Low-Vol Bull": {
        "state_index": 0,
        "persistence_days": 20.66,
        "average_occupancy": 0.1753,
        "emission_mean_return_ann": -0.0165,
        "emission_mean_vol_ann": 0.1537,
        "emission_mean_corr": 0.4174,
        "emission_mean_drawdown": -0.0749,
        "self_transition_prob": 0.951597
      },
      "High-Vol Bear": {
        "state_index": 1,
        "persistence_days": 24.02,
        "average_occupancy": 0.3055,
        "emission_mean_return_ann": -0.1997,
        "emission_mean_vol_ann": 0.1831,
        "emission_mean_corr": 0.2523,
        "emission_mean_drawdown": -0.0814,
        "self_transition_prob": 0.958365
      },
      "Crisis": {
        "state_index": 2,
        "persistence_days": 12.69,
        "average_occupancy": 0.2635,
        "emission_mean_return_ann": -0.1087,
        "emission_mean_vol_ann": 0.2256,
        "emission_mean_corr": 0.3345,
        "emission_mean_drawdown": -0.0577,
        "self_transition_prob": 0.921202
      },
      "Transitional": {
        "state_index": 3,
        "persistence_days": 29.76,
        "average_occupancy": 0.2556,
        "emission_mean_return_ann": 0.1239,
        "emission_mean_vol_ann": 0.276,
        "emission_mean_corr": 0.3065,
        "emission_mean_drawdown": -0.0899,
        "self_transition_prob": 0.966401
      }
    }
  },
  "transition_matrix": {
    "transition_matrix": {
      "Low-Vol Bull": {
        "Low-Vol Bull": 0.951597,
        "High-Vol Bear": 0.036011,
        "Crisis": 0.012392,
        "Transitional": 0.0
      },
      "High-Vol Bear": {
        "Low-Vol Bull": 0.01392,
        "High-Vol Bear": 0.958365,
        "Crisis": 0.026042,
        "Transitional": 0.001673
      },
      "Crisis": {
        "Low-Vol Bull": 0.01607,
        "High-Vol Bear": 0.024316,
        "Crisis": 0.921202,
        "Transitional": 0.038413
      },
      "Transitional": {
        "Low-Vol Bull": 0.0,
        "High-Vol Bear": 0.0,
        "Crisis": 0.033599,
        "Transitional": 0.966401
      }
    },
    "stationary_distribution": {
      "Low-Vol Bull": 0.165303,
      "High-Vol Bear": 0.288027,
      "Crisis": 0.248378,
      "Transitional": 0.298293
    },
    "expected_duration_days": {
      "Low-Vol Bull": 20.66,
      "High-Vol Bear": 24.02,
      "Crisis": 12.69,
      "Transitional": 29.76
    },
    "forward_probabilities": {
      "21d": {
        "Low-Vol Bull": 0.050224,
        "High-Vol Bear": 0.080273,
        "Crisis": 0.26648,
        "Transitional": 0.603024
      },
      "63d": {
        "Low-Vol Bull": 0.130471,
        "High-Vol Bear": 0.221725,
        "Crisis": 0.262898,
        "Transitional": 0.384905
      },
      "1d": {
        "Low-Vol Bull": 0.0,
        "High-Vol Bear": 0.0,
        "Crisis": 0.033601,
        "Transitional": 0.966399
      },
      "5d": {
        "Low-Vol Bull": 0.004688,
        "High-Vol Bear": 0.007163,
        "Crisis": 0.134089,
        "Transitional": 0.85406
      },
      "10d": {
        "Low-Vol Bull": 0.016852,
        "High-Vol Bear": 0.026151,
        "Crisis": 0.206837,
        "Transitional": 0.75016
      }
    },
    "crisis_probability_by_horizon": {
      "21d": 0.26648,
      "63d": 0.262898,
      "1d": 0.033601,
      "5d": 0.134089,
      "10d": 0.206837
    },
    "mixing_time_days": 161,
    "row_entropy": {
      "Low-Vol Bull": 0.2213,
      "High-Vol Bear": 0.206,
      "Crisis": 0.3576,
      "Transitional": 0.147
    }
  },
  "forward_return_forecast": {
    "dominant_regime": "Transitional",
    "regime_weights_now": {
      "Low-Vol Bull": 0.0,
      "High-Vol Bear": 0.0,
      "Crisis": 2e-06,
      "Transitional": 0.999998
    },
    "garch_adjusted": true,
    "garch_vol_current": 0.138567,
    "forward_distributions": {
      "21d": {
        "horizon_days": 21,
        "expected_return_ann": 0.028873,
        "expected_return_H_day": 0.002406,
        "std_H_day": 0.039671,
        "annualised_vol": 0.137426,
        "skewness": 0.0632,
        "excess_kurtosis": 0.0092,
        "var_95_percent": 0.06206,