{
  "regime_probabilities": {
    "current_regime": 3,
    "current_regime_label": "Transitional",
    "current_probs": {
      "Low-Vol Bull": 0.0,
      "High-Vol Bear": 0.0,
      "Crisis": 0.0,
      "Transitional": 1.0
    },
    "filtered_probs_last10": [
      [
        2.7179644339624215e-20,
        1.318611428149004e-27,
        7.359378335733173e-08,
        0.9999999264062166
      ],
      [
        4.544451548936169e-21,
        1.4334749085996833e-32,
        9.979498115888844e-11,
        0.9999999999002049
      ],
      [
        6.33907890301811e-23,
        1.9271039850117066e-33,
        5.715667352299547e-10,
        0.9999999994284332
      ],
      [
        2.2131582644090123e-22,
        5.8914941142724765e-37,
        1.8660314347119574e-13,
        0.9999999999998135
      ],
      [
        1.451210992136424e-31,
        4.726226978881261e-40,
        3.484511828213451e-19,
        1.0
      ],
      [
        5.466142815691608e-41,
        1.6524931240440278e-51,
        1.2105496460747715e-25,
        1.0
      ],
      [
        1.2298420758654618e-50,
        3.996089000428911e-62,
        1.2377154280536892e-27,
        1.0
      ],
      [
        5.791073627422225e-53,
        6.07456436099049e-70,
        8.0238695333639e-24,
        1.0
      ],
      [
        3.844856971150086e-56,
        3.481241070922192e-78,
        8.806303902505702e-38,
        1.0
      ],
      [
        1.6000963883810498e-82,
        2.0087510764092084e-93,
        6.633949983951156e-61,
        1.0
      ]
    ],
    "smoothed_probs_last10": [
      [
        2.740075681029136e-43,
        4.4007847560085796e-39,
        4.048497314368858e-09,
        0.9999999959515027
      ],
      [
        1.202624608029683e-47,
        2.7400786651156526e-43,
        5.489861715454095e-12,
        0.9999999999945102
      ],
      [
        6.865519153091196e-57,
        1.2026246081144125e-47,
        3.1442686011276284e-11,
        0.9999999999685574
      ],
      [
        1.913388556232768e-66,
        6.865519157780933e-57,
        1.0265300067375912e-14,
        0.9999999999999898
      ],
      [
        6.840162604425507e-80,
        1.9133885562319172e-66,
        1.9168787213078514e-20,
        1.0
      ],
      [
        1.0723214726372666e-86,
        6.840163104492424e-80,
        6.659403015538822e-27,
        1.0
      ],
      [
        1.7890183645063284e-108,
        1.0723214733645748e-86,
        6.808845783964491e-29,
        1.0
      ],
      [
        4.082778543881208e-114,
        1.789018364636903e-108,
        4.414042921743078e-25,
        1.0
      ],
      [
        2.008752348240239e-93,
        4.0827782799478775e-114,
        4.8444710181242325e-39,
        1.0
      ],
      [
        1.6000963883810498e-82,
        2.0087510764092084e-93,
        6.633949983951156e-61,
        1.0
      ]
    ],
    "viterbi_path_last10": [
      3,
      3,
      3,
      3,
      3,
      3,
      3,
      3,
      3,
      3
    ],
    "log_likelihood": 2175.921,
    "transition_matrix": {
      "Low-Vol Bull": {
        "Low-Vol Bull": 0.957061,
        "High-Vol Bear": 0.042939,
        "Crisis": 0.0,
        "Transitional": 0.0
      },
      "High-Vol Bear": {
        "Low-Vol Bull": 0.024092,
        "High-Vol Bear": 0.963883,
        "Crisis": 0.012026,
        "Transitional": 0.0
      },
      "Crisis": {
        "Low-Vol Bull": 0.052571,
        "High-Vol Bear": 0.0,
        "Crisis": 0.893506,
        "Transitional": 0.053923
      },
      "Transitional": {
        "Low-Vol Bull": 0.0,
        "High-Vol Bear": 0.0,
        "Crisis": 0.019781,
        "Transitional": 0.980219
      }
    },
    "regime_stats": {
      "Low-Vol Bull": {
        "state_index": 0,
        "persistence_days": 23.29,
        "average_occupancy": 0.3109,
        "emission_mean_return_ann": 0.16,
        "emission_mean_vol_ann": 0.1392,
        "emission_mean_corr": 0.468,
        "emission_mean_drawdown": -0.0199,
        "self_transition_prob": 0.957061
      },
      "High-Vol Bear": {
        "state_index": 1,
        "persistence_days": 27.69,
        "average_occupancy": 0.3696,
        "emission_mean_return_ann": 0.0527,
        "emission_mean_vol_ann": 0.1394,
        "emission_mean_corr": 0.1939,
        "emission_mean_drawdown": -0.0229,
        "self_transition_prob": 0.963883
      },
      "Crisis": {
        "state_index": 2,
        "persistence_days": 9.39,
        "average_occupancy": 0.0846,
        "emission_mean_return_ann": 0.561,
        "emission_mean_vol_ann": 0.1902,
        "emission_mean_corr": 0.4045,
        "emission_mean_drawdown": -0.0286,
        "self_transition_prob": 0.893506
      },
      "Transitional": {
        "state_index": 3,
        "persistence_days": 50.55,
        "average_occupancy": 0.2349,
        "emission_mean_return_ann": -0.5936,
        "emission_mean_vol_ann": 0.2526,
        "emission_mean_corr": 0.4155,
        "emission_mean_drawdown": -0.0406,
        "self_transition_prob": 0.980219
      }
    }
  },
  "transition_matrix": {
    "transition_matrix": {
      "Low-Vol Bull": {
        "Low-Vol Bull": 0.957061,
        "High-Vol Bear": 0.042939,
        "Crisis": 0.0,
        "Transitional": 0.0
      },
      "High-Vol Bear": {
        "Low-Vol Bull": 0.024092,
        "High-Vol Bear": 0.963883,
        "Crisis": 0.012026,
        "Transitional": 0.0
      },
      "Crisis": {
        "Low-Vol Bull": 0.052571,
        "High-Vol Bear": 0.0,
        "Crisis": 0.893506,
        "Transitional": 0.053923
      },
      "Transitional": {
        "Low-Vol Bull": 0.0,
        "High-Vol Bear": 0.0,
        "Crisis": 0.019781,
        "Transitional": 0.980219
      }
    },
    "stationary_distribution": {
      "Low-Vol Bull": 0.31228,
      "High-Vol Bear": 0.371244,
      "Crisis": 0.084937,
      "Transitional": 0.231539
    },
    "expected_duration_days": {
      "Low-Vol Bull": 23.29,
      "High-Vol Bear": 27.69,
      "Crisis": 9.39,
      "Transitional": 50.55
    },
    "forward_probabilities": {
      "21d": {
        "Low-Vol Bull": 0.082558,
        "High-Vol Bear": 0.024688,
        "Crisis": 0.139088,
        "Transitional": 0.753666
      },
      "63d": {
        "Low-Vol Bull": 0.196657,
        "High-Vol Bear": 0.156228,
        "Crisis": 0.120075,
        "Transitional": 0.52704
      },
      "1d": {
        "Low-Vol Bull": 0.0,
        "High-Vol Bear": 0.0,
        "Crisis": 0.019781,
        "Transitional": 0.980219
      },
      "5d": {
        "Low-Vol Bull": 0.008757,
        "High-Vol Bear": 0.000402,
        "Crisis": 0.07671,
        "Transitional": 0.914131
      },
      "10d": {
        "Low-Vol Bull": 0.030052,
        "High-Vol Bear": 0.003742,
        "Crisis": 0.114526,
        "Transitional": 0.85168
      }
    },
    "crisis_probability_by_horizon": {
      "21d": 0.139088,
      "63d": 0.120075,
      "1d": 0.019781,
      "5d": 0.07671,
      "10d": 0.114526
    },
    "mixing_time_days": 341,
    "row_entropy": {
      "Low-Vol Bull": 0.1772,
      "High-Vol Bear": 0.1784,
      "Crisis": 0.4129,
      "Transitional": 0.0972
    }
  },
  "forward_return_forecast": {
    "dominant_regime": "Transitional",
    "regime_weights_now": {
      "Low-Vol Bull": 0.0,
      "High-Vol Bear": 0.0,
      "Crisis": 0.0,
      "Transitional": 1.0
    },
    "garch_adjusted": true,
    "garch_vol_current": 0.33155,
    "forward_distributions": {
      "21d": {
        "horizon_days": 21,
        "expected_return_ann": -0.354817,
        "expected_return_H_day": -0.029568,
        "std_H_day": 0.097698,
        "annualised_vol": 0.338436,
        "skewness": -0.0975,
        "excess_kurtosis": -0.0446,
        "var_95_percent": 0.193662,
        "var_99_percent": 0.26181,
        "cvar_95_percent": 0.23543,
        "cvar_99_percent": 0.295254,
        "tail_prob_minus5pct": 0.409937,
        "tail_prob_minus10pct": 0.234837,