Scenario,New Return,Return Impact,New Volatility,Vol Impact,New VaR
2008-Style Financial Crisis,-0.3196370718424999,-0.4,0.37134009725440925,0.21970031141539673,38476.79001720279
Rate Hike Shock,-0.06963707184249984,-0.15,0.196589395341742,0.04494960950272947,20369.814464153602
Volatility Regime Shift,0.08036292815750015,0.0,0.2274596787585188,0.07581989291950628,23568.470956089324
Tech Sector Crash,-0.16963707184249988,-0.25,0.2543833100416281,0.1027435242026156,26358.190986434067
Inflation Spike,-0.06963707184249984,-0.15,0.21297184495355384,0.061332059114541315,22067.299002833068
Mild Recession,-0.01963707184249986,-0.1,0.18941970575395,0.03777991991493748,19626.919627862877
Market Boom,0.2803629281575002,0.20000000000000004,0.11070908550321691,-0.040930700335795614,11471.236926470232
